<library path="theora_image_transport_component">
  <class name="image_transport/theora_pub" type="theora_image_transport::TheoraPublisher" base_class_type="image_transport::PublisherPlugin">
    <description>
      This plugin publishes a video packet stream encoded using Theora.
    </description>
  </class>

  <class name="image_transport/theora_sub" type="theora_image_transport::TheoraSubscriber" base_class_type="image_transport::SubscriberPlugin">
    <description>
      This plugin decodes a video packet stream encoded using Theora.
    </description>
  </class>
</library>
